{
  "format": "ararat_portable_logreg_v1",
  "features": [
    "tumor_vs_não_tumor",
    "original_glszm_LargeAreaEmphasis",
    "original_glszm_SizeZoneNonUniformity",
    "original_firstorder_Median",
    "original_glszm_GrayLevelNonUniformity",
    "original_firstorder_90Percentile",
    "original_shape_Maximum2DDiameterRow",
    "original_gldm_GrayLevelNonUniformity",
    "original_glszm_GrayLevelNonUniformityNormalized",
    "original_glszm_SizeZoneNonUniformityNormalized",
    "original_glszm_ZonePercentage",
    "original_glszm_LargeAreaHighGrayLevelEmphasis",
    "original_glszm_HighGrayLevelZoneEmphasis",
    "original_firstorder_Minimum",
    "original_firstorder_InterquartileRange",
    "original_firstorder_Range",
    "original_firstorder_10Percentile",
    "original_gldm_DependenceNonUniformity"
  ],
  "keep_indices": [
    0,
    1,
    2,
    3,
    4,
    5,
    7,
    8,
    9,
    10,
    11,
    12,
    13,
    14,
    15,
    16,
    17
  ],
  "imputer": {
    "strategy": "median",
    "statistics": [
      1.0,
      767.965,
      54.5,
      176.5,
      11.336,
      259.55,
      null,
      50.975,
      110.6565,
      22.93,
      0.4,
      13254.475,
      49.1,
      49.0,
      62.875,
      367.5,
      118.5,
      71.8
    ]
  },
  "scaler": {
    "mean": [
      0.6555555555555556,
      772.1233333333334,
      63.48662222222222,
      183.04444444444445,
      11.363988888888889,
      276.75222222222226,
      50.97500000000002,
      114.44395555555558,
      26.51142222222222,
      0.3999999999999999,
      13284.660000000007,
      54.77371111111113,
      54.77777777777778,
      77.66944444444445,
      381.6666666666667,
      121.95111111111112,
      71.53416666666665
    ],
    "scale": [
      0.47518677289651323,
      166.30987654576222,
      61.72433552310139,
      56.21499624183155,
      0.6917688839239823,
      86.25970280724981,
      1.0,
      48.79662379831919,
      36.361563768468415,
      1.0,
      1959.092071061661,
      48.03681866680655,
      36.920267778545515,
      43.33059010191584,
      128.6208899570102,
      41.487915896464344,
      2.6159671304849708
    ]
  },
  "logreg": {
    "coef": [
      1.3607128657132872,
      0.15066838217882267,
      0.15090677511774753,
      0.0,
      0.0,
      0.0,
      0.0,
      0.0,
      0.0,
      0.0,
      -0.048065059953798485,
      -0.027204313028161467,
      0.0,
      0.0,
      0.0,
      0.0,
      -0.0630334887094448
    ],
    "intercept": -0.46008557033772446,
    "classes": [
      0,
      1
    ]
  }
}